base_tx_name,avg,median,stdDev,max,min
app_input,18023.673536377613,17293,5101.273488024014,50047,6423
app_read,12503.30236544847,9015.0,8352.908660878025,79775,1324
dlt_read,3200.777060041408,3023,1018.9755680922194,9352,1130
dlt_write,5002.772967133419,4826,1395.226898259578,14902,1609
dltview_read,1399.3394417771092,1373.0,282.0247414032345,3324,524
dms_docDown,3498.9854712627543,3426.0,675.8119870178226,9079,1541
dms_docUpl,3705.744829886591,3614.0,807.3049104967539,8620,1643
dbms_write,400.6784809074667,370,153.12463305681777,1963,122
dbms_read,500.3616570407612,471,156.65767095137664,1721,166
